AA1,"liquid precipitation: period quantity, depth dimension",x,,,,
AB1,liquid precipitation: monthly total,,,,,
AC1,precipitation observation history,,,,,
AD1,"liquid precipitation, greatest amount in 24 hours, for the month",,,,,
AE1,"liquid precipitation, number of days with specific amounts, for the month",,,,,
AG1,precipitation estimated observation,,,,,
AH1,"liquid precipitation maximum short duration, for the month (1)",,,,,
AI1,"liquid precipitation maximum short duration, for the month (2)",,,,,
AJ1,"liquid precipitation maximum short duration, for the month (2)",,,,,
AK1,"snow depth greatest depth on the ground, for the month",,,,,
AL1,snow accumulation,,,,,
AM1,"snow accumulation greatest amount in 24 hours, for the month",,,,,
AN1,snow accumulation for the month,,,,,
AO1,liquid precipitation,,,,,
AP1,15-minute liquid precipitation,,,,,
AU1,present weather observation,,,,,
AW1,present weather observation ,,,,,
AX1,past weather observation (1),,,,,
AY1,past weather observation (2),,,,,
AZ1,past weather observation (3),,,,,
CB1,subhourly observed liquid precipitation: secondary sensor,,,,,
CF1,hourly fan speed,,,,,
CG1,subhourly observed liquid precipitation: primary sensor,,,,,
CH1,hourly/subhourly RH/temperatures,,,,,
CI1,hourly RH/temperatures,,,,,
CN1,hourly battery voltage,,,,,
CN2,hourly diagnostics,,,,,
CN3,secondary hourly diagnostics (1),,,,,
CN4,secondary hourly diagnostics (2),,,,,
CR1,CRN control,,,,,
CT1,subhourly temperatures,,,,,
CU1,hourly temperatures,,,,,
CV1,hourly temperature extremes,,,,,
CW1,subhourly wetness,,,,,
CX1,hourly geonor vibrating wire summary,,,,,
CO1,network metadata,,,,,
CO2,US cooperative network element time offset,,,,,
ED1,runway visual range,,,,,
GA1,sky cover layer,,,,,
GD1,sky cover summation state,,,,,
GF1,sky condition observation,x,,,,
GG1,below station cloud layer,,,,,
GH1,hourly solar radiation,,,,,
GJ1,sunshine observation (1),,,,,
GK1,sunshine observation (2),,,,,
GL1, sunshine observation for the month,,,,,
GM1,solar irradiance,,,,,
GN1,solar radiation,,,,,
GO1,net solar radiation,,,,,
GP1,modeled solar irradiance,,,,,
GQ1,hourly solar angle,,,,,
GR1,hourly extraterrestrial radiation,,,,,
HL1,hail data,,,,,
IA1,ground surface data,,,,,
IA2,ground surface observation,,,,,
IB1,hourly surface temperature,,,,,
IB2,hourly surface temperature sensor,,,,,
IC1,ground surface observation - pan evaporation,,,,,
KA1,temperature data,,,,,
KB1,average air temperature,,,,,
KC1,extreme air temperature for the month,,,,,
KD1,heating/cooling degree days,,,,,
KE1,"extreme temperatures, number of days exceeding criteria, for the month",,,,,
KF1,hourly calculated temperature,,,,,
KG1,average dew point and wet bulb temperature,,,,,
MA1,atmospheric pressure observation,x,,,,
MD1,atmospheric pressure change,x,,,,
ME1,geopotential height isobaric level,,,,,
MF1,atmospheric pressure observation (STP/SLP),,,,,
MG1,atmospheric pressure observation,,,,,
MH1,atmospheric pressure observation - average station pressure for the month,,,,,
MK1,atmospheric pressure observation - maximum sea level pressure for the month,,,,,
MV1,present weather in vicinity observation,,,,,
MW1,present weather observation ,,,,,
OA1,supplementary wine observation ,,,,,
OB1,hourly/sub-hourly wind section,,,,,
OC1,wind gust observation,x,,,,
OE1,summary of day wind observation,,,,,
RH1,relative humidity,,,,,
SA1,sea surface temperature observation,,,,,
ST1,soil temperature,,,,,
UA1,wave measurement,,,,,
UG1,wave measurement primary swell,,,,,
UG2,wave measurement secondary swell,,,,,
WA1,platform ice accretion,,,,,
WD1,water surface ice observation,,,,,
WG1,water surface ice historical observation,,,,,
,,,,,,
,,,,,,
,,,,,,
,,,,,,
,,,,,,
,,,,,,
,,,,,,
,,,,,,
,,,,,,
,,,,,,
,,,,,,
,,,,,,
,,,,,,
,,,,,,
,,,,,,
,,,,,,
,,,,,,
,,,,,,
,,,,,,
,,,,,,
,,,,,,
,,,,,,
,,,,,,
,,,,,,
,,,,,,
,,,,,,
,,,,,,
,,,,,,
,,,,,,
,,,,,,
,,,,,,
,,,,,,
,,,,,,
,,,,,,
,,,,,,
,,,,,,
,,,,,,
,,,,,,
,,,,,,
,,,,,,
,,,,,,
,,,,,,
,,,,,,
,,,,,,
,,,,,,
,,,,,,
,,,,,,
,,,,,,
,,,,,,
,,,,,,
,,,,,,
,,,,,,
,,,,,,
,,,,,,
,,,,,,
,,,,,,
,,,,,,
,,,,,,
,,,,,,
,,,,,,
,,,,,,
,,,,,,
,,,,,,
,,,,,,
,,,,,,
,,,,,,
,,,,,,
,,,,,,
,,,,,,
,,,,,,
,,,,,,
,,,,,,
,,,,,,
,,,,,,
,,,,,,
,,,,,,
,,,,,,
,,,,,,
,,,,,,
,,,,,,
,,,,,,
,,,,,,
,,,,,,
,,,,,,
,,,,,,
,,,,,,
,,,,,,
,,,,,,
,,,,,,
,,,,,,
,,,,,,
,,,,,,
,,,,,,
,,,,,,
,,,,,,
,,,,,,
,,,,,,
,,,,,,
,,,,,,
,,,,,,
,,,,,,
,,,,,,
,,,,,,
,,,,,,
,,,,,,
,,,,,,
,,,,,,
,,,,,,
,,,,,,
,,,,,,